timestamp,gpu_mem_mb
2026-06-13T22:10:38.963686+08:00,0
2026-06-13T22:10:44.003389+08:00,1369
2026-06-13T22:10:49.073657+08:00,2413
2026-06-13T22:10:54.128818+08:00,2413
2026-06-13T22:10:59.175170+08:00,2501
2026-06-13T22:11:04.228734+08:00,2519
2026-06-13T22:11:09.288207+08:00,2551
2026-06-13T22:11:14.327921+08:00,2655
2026-06-13T22:11:19.373113+08:00,2703
2026-06-13T22:11:24.420693+08:00,2731
2026-06-13T22:11:29.470989+08:00,2795
2026-06-13T22:11:34.517214+08:00,2885
2026-06-13T22:11:39.567619+08:00,2835
2026-06-13T22:11:44.616594+08:00,2815
2026-06-13T22:11:49.671211+08:00,3061
2026-06-13T22:11:54.711581+08:00,2883
2026-06-13T22:11:59.770507+08:00,2959
2026-06-13T22:12:04.838486+08:00,3093
2026-06-13T22:12:09.881261+08:00,3013
2026-06-13T22:12:14.931427+08:00,2995
2026-06-13T22:12:19.981438+08:00,3167
2026-06-13T22:12:25.034160+08:00,3121
2026-06-13T22:12:30.086312+08:00,3227
2026-06-13T22:12:35.132548+08:00,3159
2026-06-13T22:12:40.179709+08:00,3245
2026-06-13T22:12:45.226969+08:00,3229
2026-06-13T22:12:50.274383+08:00,3197
2026-06-13T22:12:55.325431+08:00,3307
2026-06-13T22:13:00.373026+08:00,3439
2026-06-13T22:13:05.423943+08:00,3477
2026-06-13T22:13:10.468942+08:00,3351
2026-06-13T22:13:15.519193+08:00,3489
2026-06-13T22:13:20.567157+08:00,3489
2026-06-13T22:13:25.618220+08:00,3421
2026-06-13T22:13:30.667091+08:00,3603
2026-06-13T22:13:35.718084+08:00,3687
2026-06-13T22:13:40.769221+08:00,3687
2026-06-13T22:13:45.820822+08:00,3615
2026-06-13T22:13:50.871299+08:00,3659
2026-06-13T22:13:55.922124+08:00,3711
2026-06-13T22:14:00.974888+08:00,3711
2026-06-13T22:14:06.022636+08:00,3789
2026-06-13T22:14:11.084261+08:00,3867
2026-06-13T22:14:16.122727+08:00,3867
2026-06-13T22:14:21.172561+08:00,3973
2026-06-13T22:14:26.211937+08:00,4053
2026-06-13T22:14:31.261030+08:00,4053
2026-06-13T22:14:36.309339+08:00,4119
2026-06-13T22:14:41.358250+08:00,4119
2026-06-13T22:14:46.394428+08:00,4205
2026-06-13T22:14:51.437717+08:00,4205
2026-06-13T22:14:56.494010+08:00,4321
2026-06-13T22:15:01.545867+08:00,4321
2026-06-13T22:15:06.596529+08:00,4445
2026-06-13T22:15:11.637349+08:00,4413
2026-06-13T22:15:16.680838+08:00,4413
2026-06-13T22:15:21.732639+08:00,4119
2026-06-13T22:15:26.786968+08:00,4321
2026-06-13T22:15:31.840524+08:00,4167
2026-06-13T22:15:36.890419+08:00,4167
2026-06-13T22:15:41.936507+08:00,4165
2026-06-13T22:15:46.983933+08:00,4165
2026-06-13T22:15:52.031879+08:00,4111
2026-06-13T22:15:57.082913+08:00,4111
2026-06-13T22:16:02.129604+08:00,4135
2026-06-13T22:16:07.185246+08:00,4135
2026-06-13T22:16:12.232244+08:00,4137
2026-06-13T22:16:17.279397+08:00,4213
2026-06-13T22:16:22.334724+08:00,4213
2026-06-13T22:16:27.379508+08:00,4183
2026-06-13T22:16:32.447593+08:00,4183
2026-06-13T22:16:37.508104+08:00,4193
2026-06-13T22:16:42.573059+08:00,4193
2026-06-13T22:16:47.622466+08:00,4175
2026-06-13T22:16:52.668418+08:00,4175
2026-06-13T22:16:57.755595+08:00,4159
2026-06-13T22:17:02.848107+08:00,4139
2026-06-13T22:17:07.899918+08:00,4341
2026-06-13T22:17:12.948189+08:00,4145
2026-06-13T22:17:18.030538+08:00,4145
2026-06-13T22:17:23.069371+08:00,4253
2026-06-13T22:17:28.142790+08:00,4253
2026-06-13T22:17:33.193244+08:00,4037
2026-06-13T22:17:38.241000+08:00,3817
2026-06-13T22:17:43.285042+08:00,4335
2026-06-13T22:17:48.334795+08:00,4335
2026-06-13T22:17:53.383825+08:00,4243
2026-06-13T22:17:58.431927+08:00,4243
2026-06-13T22:18:03.542223+08:00,4193
2026-06-13T22:18:08.584910+08:00,4139
2026-06-13T22:18:13.621228+08:00,4139
2026-06-13T22:18:18.671393+08:00,4193
2026-06-13T22:18:23.729293+08:00,4193
2026-06-13T22:18:28.772420+08:00,4175
2026-06-13T22:18:33.814209+08:00,4175
2026-06-13T22:18:38.852002+08:00,4175
2026-06-13T22:18:43.897489+08:00,4175
2026-06-13T22:18:48.945872+08:00,4197
2026-06-13T22:18:53.987687+08:00,4177
2026-06-13T22:18:59.034770+08:00,4177
2026-06-13T22:19:04.077254+08:00,4199
2026-06-13T22:19:09.127123+08:00,4199
2026-06-13T22:19:14.167713+08:00,4195
2026-06-13T22:19:19.214029+08:00,4195
2026-06-13T22:19:24.257664+08:00,4159
2026-06-13T22:19:29.311524+08:00,4159
2026-06-13T22:19:34.366018+08:00,4145
2026-06-13T22:19:39.418866+08:00,4139
2026-06-13T22:19:44.464815+08:00,4341
2026-06-13T22:19:49.518186+08:00,4143
2026-06-13T22:19:54.562703+08:00,4143
2026-06-13T22:19:59.628348+08:00,4299
2026-06-13T22:20:04.730716+08:00,4299
2026-06-13T22:20:09.827906+08:00,4123
2026-06-13T22:20:14.889637+08:00,4123
2026-06-13T22:20:19.970659+08:00,4123
2026-06-13T22:20:25.017604+08:00,4193
2026-06-13T22:20:30.076199+08:00,4193
2026-06-13T22:20:35.123551+08:00,4149
2026-06-13T22:20:40.189544+08:00,4149
2026-06-13T22:20:45.228101+08:00,4185
2026-06-13T22:20:50.276104+08:00,4185
2026-06-13T22:20:55.322881+08:00,4147
2026-06-13T22:21:00.362823+08:00,4117
2026-06-13T22:21:05.412918+08:00,4117
2026-06-13T22:21:10.458061+08:00,4125
2026-06-13T22:21:15.496686+08:00,4125
2026-06-13T22:21:20.540072+08:00,4129
2026-06-13T22:21:25.579366+08:00,4129
2026-06-13T22:21:30.630960+08:00,4153
2026-06-13T22:21:35.684953+08:00,4121
2026-06-13T22:21:40.741398+08:00,4121
2026-06-13T22:21:45.793548+08:00,4081
2026-06-13T22:21:50.842128+08:00,4283
2026-06-13T22:21:55.898457+08:00,4119
2026-06-13T22:22:00.950296+08:00,4321
2026-06-13T22:22:05.992686+08:00,4177
2026-06-13T22:22:11.041920+08:00,4085
2026-06-13T22:22:16.078509+08:00,4085
2026-06-13T22:22:21.125939+08:00,4107
2026-06-13T22:22:26.171369+08:00,4107
2026-06-13T22:22:31.215147+08:00,4205
2026-06-13T22:22:36.257211+08:00,4205
2026-06-13T22:22:41.299402+08:00,4157
2026-06-13T22:22:46.341944+08:00,4155
2026-06-13T22:22:51.386016+08:00,4155
2026-06-13T22:22:56.423143+08:00,3963
2026-06-13T22:23:01.464519+08:00,4165
2026-06-13T22:23:06.516869+08:00,4143
2026-06-13T22:23:11.566554+08:00,4143
2026-06-13T22:23:16.605676+08:00,4161
2026-06-13T22:23:21.653815+08:00,4161
2026-06-13T22:23:26.699488+08:00,4221
2026-06-13T22:23:31.749769+08:00,4141
2026-06-13T22:23:36.802376+08:00,4141
2026-06-13T22:23:41.852627+08:00,4091
2026-06-13T22:23:46.902701+08:00,4091
2026-06-13T22:23:51.949765+08:00,4081
2026-06-13T22:23:57.006648+08:00,4081
2026-06-13T22:24:02.050457+08:00,4159
2026-06-13T22:24:07.099288+08:00,4235
2026-06-13T22:24:12.146275+08:00,4235
2026-06-13T22:24:17.200349+08:00,4095
2026-06-13T22:24:22.249900+08:00,4095
2026-06-13T22:24:27.293906+08:00,4123
2026-06-13T22:24:32.336213+08:00,4123
2026-06-13T22:24:37.384758+08:00,4121
2026-06-13T22:24:42.427659+08:00,4161
2026-06-13T22:24:47.474025+08:00,4161
2026-06-13T22:24:52.520473+08:00,4131
2026-06-13T22:24:57.563444+08:00,4131
2026-06-13T22:25:02.617307+08:00,4165
2026-06-13T22:25:07.664107+08:00,4165
2026-06-13T22:25:12.715434+08:00,4109
2026-06-13T22:25:17.807866+08:00,4167
2026-06-13T22:25:22.849468+08:00,4167
2026-06-13T22:25:27.945736+08:00,4163
2026-06-13T22:25:32.998120+08:00,4163
2026-06-13T22:25:38.083725+08:00,4125
2026-06-13T22:25:43.123461+08:00,4125
2026-06-13T22:25:48.177387+08:00,4139
2026-06-13T22:25:53.221352+08:00,4053
2026-06-13T22:25:58.272221+08:00,4127
2026-06-13T22:26:03.324206+08:00,4165
2026-06-13T22:26:08.376112+08:00,4165
2026-06-13T22:26:13.413839+08:00,4107
2026-06-13T22:26:18.462245+08:00,4107
2026-06-13T22:26:23.525209+08:00,4109
2026-06-13T22:26:28.609951+08:00,4109
2026-06-13T22:26:33.660965+08:00,4117
2026-06-13T22:26:38.698519+08:00,4133
2026-06-13T22:26:43.743226+08:00,4133
2026-06-13T22:26:48.789058+08:00,4005
2026-06-13T22:26:53.834913+08:00,4005
2026-06-13T22:26:58.905706+08:00,4177
2026-06-13T22:27:03.954466+08:00,4177
2026-06-13T22:27:08.994527+08:00,4175
2026-06-13T22:27:14.034960+08:00,4165
2026-06-13T22:27:19.082074+08:00,4165
2026-06-13T22:27:24.155668+08:00,4163
2026-06-13T22:27:29.197378+08:00,4163
2026-06-13T22:27:34.249598+08:00,4167
2026-06-13T22:27:39.295272+08:00,4167
2026-06-13T22:27:44.340567+08:00,4149
2026-06-13T22:27:49.388919+08:00,4139
2026-06-13T22:27:54.432609+08:00,4139
2026-06-13T22:27:59.482071+08:00,4123
2026-06-13T22:28:04.528535+08:00,4123
2026-06-13T22:28:09.579286+08:00,4099
2026-06-13T22:28:14.626299+08:00,4099
2026-06-13T22:28:19.668340+08:00,4115
2026-06-13T22:28:24.734139+08:00,4115
2026-06-13T22:28:29.782968+08:00,4115
2026-06-13T22:28:34.827220+08:00,4185
2026-06-13T22:28:39.875297+08:00,4185
2026-06-13T22:28:44.927093+08:00,4161
2026-06-13T22:28:49.973649+08:00,4161
2026-06-13T22:28:55.021895+08:00,4125
2026-06-13T22:29:00.069399+08:00,4119
2026-06-13T22:29:05.117831+08:00,4119
2026-06-13T22:29:10.168706+08:00,4175
2026-06-13T22:29:15.219230+08:00,4175
2026-06-13T22:29:20.270830+08:00,4179
2026-06-13T22:29:25.326204+08:00,4179
2026-06-13T22:29:30.377091+08:00,4157
2026-06-13T22:29:35.423460+08:00,4181
2026-06-13T22:29:40.469812+08:00,4181
2026-06-13T22:29:45.510571+08:00,4181
2026-06-13T22:29:50.561382+08:00,4181
2026-06-13T22:29:55.610043+08:00,4161
2026-06-13T22:30:00.657523+08:00,4161
2026-06-13T22:30:05.703814+08:00,4145
2026-06-13T22:30:10.754875+08:00,4189
2026-06-13T22:30:15.807081+08:00,4189
2026-06-13T22:30:20.852269+08:00,4185
2026-06-13T22:30:25.904275+08:00,4185
2026-06-13T22:30:30.957015+08:00,4171
2026-06-13T22:30:36.002584+08:00,4171
2026-06-13T22:30:41.053515+08:00,4147
2026-06-13T22:30:46.108590+08:00,4193
2026-06-13T22:30:51.157848+08:00,4193
2026-06-13T22:30:56.208945+08:00,4107
2026-06-13T22:31:01.319503+08:00,4107
2026-06-13T22:31:06.368798+08:00,4097
2026-06-13T22:31:11.409955+08:00,4097
2026-06-13T22:31:16.465636+08:00,4137
2026-06-13T22:31:21.504154+08:00,4133
2026-06-13T22:31:26.554743+08:00,4133
2026-06-13T22:31:31.598200+08:00,4111
2026-06-13T22:31:36.637266+08:00,4111
2026-06-13T22:31:41.688882+08:00,4199
2026-06-13T22:31:46.735992+08:00,4199
2026-06-13T22:31:51.773977+08:00,4169
2026-06-13T22:31:56.824395+08:00,4169
2026-06-13T22:32:01.866064+08:00,4169
2026-06-13T22:32:06.910015+08:00,4183
2026-06-13T22:32:11.959290+08:00,4183
2026-06-13T22:32:17.009514+08:00,4167
2026-06-13T22:32:22.062337+08:00,4167
2026-06-13T22:32:27.113449+08:00,4155
2026-06-13T22:32:32.164961+08:00,4139
2026-06-13T22:32:37.215978+08:00,4139
2026-06-13T22:32:42.267160+08:00,4151
2026-06-13T22:32:47.313074+08:00,4151
2026-06-13T22:32:52.361301+08:00,4167
2026-06-13T22:32:57.404460+08:00,4167
2026-06-13T22:33:02.460839+08:00,4161
2026-06-13T22:33:07.506899+08:00,4153
2026-06-13T22:33:12.552529+08:00,4153
2026-06-13T22:33:17.598964+08:00,4127
2026-06-13T22:33:22.647425+08:00,4127
2026-06-13T22:33:27.701888+08:00,4193
2026-06-13T22:33:32.748418+08:00,4115
2026-06-13T22:33:37.802804+08:00,4115
2026-06-13T22:33:42.870274+08:00,4129
2026-06-13T22:33:47.908442+08:00,4129
2026-06-13T22:33:52.950695+08:00,4127
2026-06-13T22:33:58.001495+08:00,4127
2026-06-13T22:34:03.050427+08:00,4121
2026-06-13T22:34:08.148545+08:00,4117
2026-06-13T22:34:13.194425+08:00,4117
2026-06-13T22:34:18.232915+08:00,4181
2026-06-13T22:34:23.278512+08:00,4181
2026-06-13T22:34:28.327644+08:00,4135
2026-06-13T22:34:33.441817+08:00,4135
2026-06-13T22:34:38.486730+08:00,4125
2026-06-13T22:34:43.534712+08:00,4097
2026-06-13T22:34:48.582497+08:00,4097
2026-06-13T22:34:53.630717+08:00,4119
2026-06-13T22:34:58.675210+08:00,4119
2026-06-13T22:35:03.722844+08:00,4113
2026-06-13T22:35:08.787995+08:00,4157
2026-06-13T22:35:13.839659+08:00,4157
2026-06-13T22:35:18.882396+08:00,4155
2026-06-13T22:35:23.928465+08:00,4155
2026-06-13T22:35:28.979270+08:00,4201
2026-06-13T22:35:34.029658+08:00,4201
2026-06-13T22:35:39.074755+08:00,4181
2026-06-13T22:35:44.125094+08:00,4147
2026-06-13T22:35:49.172625+08:00,4147
2026-06-13T22:35:54.219610+08:00,4185
2026-06-13T22:35:59.270721+08:00,4185
2026-06-13T22:36:04.320392+08:00,4229
2026-06-13T22:36:09.366356+08:00,4229
2026-06-13T22:36:14.419764+08:00,4149
2026-06-13T22:36:19.469606+08:00,4173
2026-06-13T22:36:24.507103+08:00,4173
2026-06-13T22:36:29.548674+08:00,4191
2026-06-13T22:36:34.599786+08:00,4191
2026-06-13T22:36:39.651557+08:00,4119
2026-06-13T22:36:44.697664+08:00,4111
2026-06-13T22:36:49.796460+08:00,4111
2026-06-13T22:36:54.835803+08:00,4171
2026-06-13T22:36:59.875287+08:00,4171
2026-06-13T22:37:04.922809+08:00,4159
2026-06-13T22:37:10.016863+08:00,4159
2026-06-13T22:37:15.061813+08:00,4165
2026-06-13T22:37:20.103597+08:00,4219
2026-06-13T22:37:25.155779+08:00,4219
2026-06-13T22:37:30.247447+08:00,4103
2026-06-13T22:37:35.296116+08:00,4103
2026-06-13T22:37:40.337208+08:00,4121
2026-06-13T22:37:45.389718+08:00,4113
2026-06-13T22:37:50.439531+08:00,4113
2026-06-13T22:37:55.524913+08:00,4111
2026-06-13T22:38:00.579785+08:00,4111
2026-06-13T22:38:05.628937+08:00,4157
2026-06-13T22:38:10.680998+08:00,4157
2026-06-13T22:38:15.744617+08:00,4127
2026-06-13T22:38:20.836427+08:00,4185
2026-06-13T22:38:25.874819+08:00,4185
2026-06-13T22:38:30.940647+08:00,4189
2026-06-13T22:38:35.983140+08:00,4189
2026-06-13T22:38:41.081506+08:00,4143
2026-06-13T22:38:46.134401+08:00,4189
2026-06-13T22:38:51.177334+08:00,4189
2026-06-13T22:38:56.224879+08:00,4129
2026-06-13T22:39:01.278977+08:00,4129
2026-06-13T22:39:06.347266+08:00,4181
2026-06-13T22:39:11.398952+08:00,4181
2026-06-13T22:39:16.436116+08:00,4153
2026-06-13T22:39:21.482062+08:00,4183
2026-06-13T22:39:26.532388+08:00,4183
2026-06-13T22:39:31.585210+08:00,4145
2026-06-13T22:39:36.650100+08:00,4145
2026-06-13T22:39:41.689288+08:00,4159
2026-06-13T22:39:46.740147+08:00,4105
2026-06-13T22:39:51.784004+08:00,4105
2026-06-13T22:39:56.836771+08:00,4185
2026-06-13T22:40:01.904468+08:00,4185
2026-06-13T22:40:06.949573+08:00,4181
2026-06-13T22:40:11.988354+08:00,4181
2026-06-13T22:40:17.072916+08:00,4171
2026-06-13T22:40:22.112385+08:00,4173
2026-06-13T22:40:27.160127+08:00,4173
2026-06-13T22:40:32.205586+08:00,4185
2026-06-13T22:40:37.246193+08:00,4185
2026-06-13T22:40:42.294817+08:00,4143
2026-06-13T22:40:47.337415+08:00,4167
2026-06-13T22:40:52.382006+08:00,4167
2026-06-13T22:40:57.430259+08:00,4167
2026-06-13T22:41:02.476853+08:00,4167
2026-06-13T22:41:07.526693+08:00,4157
2026-06-13T22:41:12.576546+08:00,4157
2026-06-13T22:41:17.623983+08:00,4209
2026-06-13T22:41:22.671963+08:00,4113
2026-06-13T22:41:27.721084+08:00,4113
2026-06-13T22:41:32.772937+08:00,4153
2026-06-13T22:41:37.823746+08:00,4153
2026-06-13T22:41:42.874023+08:00,4153
2026-06-13T22:41:47.920077+08:00,4187
2026-06-13T22:41:52.973511+08:00,4187
2026-06-13T22:41:58.020522+08:00,4175
2026-06-13T22:42:03.078831+08:00,4175
2026-06-13T22:42:08.125759+08:00,4159
2026-06-13T22:42:13.171531+08:00,4179
2026-06-13T22:42:18.218253+08:00,4179
2026-06-13T22:42:23.267040+08:00,4113
2026-06-13T22:42:28.318089+08:00,4113
2026-06-13T22:42:33.366206+08:00,4175
2026-06-13T22:42:38.413191+08:00,4175
2026-06-13T22:42:43.458961+08:00,4107
2026-06-13T22:42:48.501360+08:00,4169
2026-06-13T22:42:53.549678+08:00,4169
2026-06-13T22:42:58.608973+08:00,4171
2026-06-13T22:43:03.650354+08:00,4171
2026-06-13T22:43:08.700360+08:00,4185
2026-06-13T22:43:13.758186+08:00,4167
2026-06-13T22:43:18.802172+08:00,4167
2026-06-13T22:43:23.849527+08:00,4115
2026-06-13T22:43:28.901640+08:00,4115
2026-06-13T22:43:33.950934+08:00,4165
2026-06-13T22:43:39.001842+08:00,4171
2026-06-13T22:43:44.053693+08:00,4171
2026-06-13T22:43:49.106209+08:00,4157
2026-06-13T22:43:54.152991+08:00,4157
2026-06-13T22:43:59.203329+08:00,4137
2026-06-13T22:44:04.255240+08:00,4137
2026-06-13T22:44:09.307965+08:00,4137
2026-06-13T22:44:14.355581+08:00,4137
2026-06-13T22:44:19.427491+08:00,4137
2026-06-13T22:44:24.477599+08:00,4137
2026-06-13T22:44:29.546559+08:00,4137
2026-06-13T22:44:34.599587+08:00,4137
2026-06-13T22:44:39.709910+08:00,4137
2026-06-13T22:44:44.760944+08:00,4137
2026-06-13T22:44:49.810625+08:00,4137
2026-06-13T22:44:54.860831+08:00,4137
2026-06-13T22:44:59.920079+08:00,4137
2026-06-13T22:45:04.979791+08:00,4137
2026-06-13T22:45:10.030557+08:00,4137
2026-06-13T22:45:15.083014+08:00,4137
2026-06-13T22:45:20.148830+08:00,4137
2026-06-13T22:45:25.206063+08:00,4137
2026-06-13T22:45:30.302153+08:00,4137
2026-06-13T22:45:35.354254+08:00,4137
2026-06-13T22:45:40.400078+08:00,4137
2026-06-13T22:45:45.447654+08:00,4137
2026-06-13T22:45:50.497765+08:00,4137
2026-06-13T22:45:55.543652+08:00,4137
2026-06-13T22:46:00.595491+08:00,4137
2026-06-13T22:46:05.645387+08:00,4137
2026-06-13T22:46:10.688364+08:00,4137
2026-06-13T22:46:15.735010+08:00,4137
2026-06-13T22:46:20.779677+08:00,4137
2026-06-13T22:46:25.824755+08:00,4137
2026-06-13T22:46:30.873356+08:00,4137
2026-06-13T22:46:35.915065+08:00,4137
2026-06-13T22:46:40.962192+08:00,4137
2026-06-13T22:46:46.007899+08:00,4137
2026-06-13T22:46:51.055780+08:00,4137
2026-06-13T22:46:56.104883+08:00,4137
2026-06-13T22:47:01.155519+08:00,4137
2026-06-13T22:47:06.200442+08:00,4137
2026-06-13T22:47:11.247198+08:00,4137
2026-06-13T22:47:16.300423+08:00,4137
2026-06-13T22:47:21.348339+08:00,4137
2026-06-13T22:47:26.402386+08:00,4137
2026-06-13T22:47:31.445665+08:00,4137
2026-06-13T22:47:36.496987+08:00,4137
2026-06-13T22:47:41.533885+08:00,4137
2026-06-13T22:47:46.581613+08:00,4137
2026-06-13T22:47:51.633074+08:00,4137
2026-06-13T22:47:56.683023+08:00,4137
2026-06-13T22:48:01.732495+08:00,4137
2026-06-13T22:48:06.783072+08:00,4137
2026-06-13T22:48:11.831166+08:00,4137
2026-06-13T22:48:16.879294+08:00,4137
2026-06-13T22:48:21.930935+08:00,4137
2026-06-13T22:48:26.977895+08:00,4137
2026-06-13T22:48:32.025571+08:00,4137
2026-06-13T22:48:37.076803+08:00,4137
2026-06-13T22:48:42.119699+08:00,4137
2026-06-13T22:48:47.169691+08:00,4137
2026-06-13T22:48:52.206669+08:00,4137
2026-06-13T22:48:57.257452+08:00,4137
2026-06-13T22:49:02.304977+08:00,4137
2026-06-13T22:49:07.347722+08:00,4137
2026-06-13T22:49:12.398646+08:00,4137
2026-06-13T22:49:17.452353+08:00,4137
2026-06-13T22:49:22.506545+08:00,4137
2026-06-13T22:49:27.557617+08:00,4137
2026-06-13T22:49:32.610343+08:00,4137
2026-06-13T22:49:37.658000+08:00,4137
2026-06-13T22:49:42.707464+08:00,4137
2026-06-13T22:49:47.750046+08:00,4137
2026-06-13T22:49:52.797586+08:00,4137
2026-06-13T22:49:57.845207+08:00,4137
2026-06-13T22:50:02.895068+08:00,4137
2026-06-13T22:50:07.942074+08:00,4137
2026-06-13T22:50:12.998306+08:00,4137
2026-06-13T22:50:18.038383+08:00,4137
2026-06-13T22:50:23.077602+08:00,4137
2026-06-13T22:50:28.123359+08:00,4137
2026-06-13T22:50:33.175735+08:00,4137
2026-06-13T22:50:38.225487+08:00,4137
2026-06-13T22:50:43.262626+08:00,4137
2026-06-13T22:50:48.312745+08:00,4137
2026-06-13T22:50:53.359523+08:00,4137
2026-06-13T22:50:58.406734+08:00,4137
2026-06-13T22:51:03.459535+08:00,4039
2026-06-13T22:51:08.504226+08:00,3655
